id,name,comment,tf
1,mg38695950hNKu,等鬼鬼,鬼鬼
2,花朵的倩笑,每一季都看，特别好看,特别
3,莹莹玉竹筱,打卡,打卡
4,许琉峦,哇，喜欢白敬亭，嘻嘻嘻嘻嘻嘻嘻嘻,喜欢
5,WECHAT_9Wpog979V4RC,终于来了，白敬亭快来,终于
6,毕业也一样轰轰烈烈,虽然鬼鬼不是常驻嘉宾了，但是希望她可以常来，上一季她带给我很多欢乐?,常驻
7,我觉的这个名字很长,期待很久了,期待
8,我也曾迷恋你,333,333
9,美美哒33QPSP,为什么没有鬼鬼 鬼鬼也挺好玩的,为什么
10,洗墨鯤鋒,老好看了,好看
11,QQ_anU0c77LGJsC,666,666
12,QQ_aqAyd8LiLky0,白白，昊然＞：-＜,白白
13,彩云清雅,太太太太太棒了！终于等到了新一季大侦探,太棒了
14,筱筱筱燕子,第一,第一
15,筱筱筱燕子,第一,第一
16,LLLxy_,积分,积分
17,sxm云梦,等了一年多啦，终于等到了,一年
18,有2洞的猫,终于可以看啦,可以
19,有2洞的猫,终于可以看啦,可以
20,可爱宝宝洛天依,终于更新了，太好了！现在才发现,终于
21,mg14044067reIF,不忘初心，终于回归,回归
22,乀一抹绿茶乀85WoNZ,期待,期待
23,易峰别恋,好喜欢,喜欢
24,敲喜歡你,很好看,好看
25,黎回41EdF,侦心不变,心不变
26,mg29206945ddeY,哈哈,哈哈
27,WECHAT_akzzNe2ZzqJm,还是原来的感觉呢,还是
28,vina04jHnm,好看,好看
29,快乐大本营何炅何老师,喜欢何老师,喜欢
30,快乐大本营何炅何老师,喜欢何老师,喜欢
31,Mini迷你79wpi,棒棒棒,棒棒
32,美人战江山_,哈哈,哈哈
33,鞠总的涵,哇塞,哇塞
34,因为我是phy,小白小白,小白小白
35,ikunandcxk,鬼鬼为什么每一次先导片都不在,为什么
36,迷失的小紅帽77UWj,好看,好看
37,有点甜23Ccp,好看,好看
38,李书君64eHP,现在正在努力,现在
39,蝴蝶兰520,何老师,老师
40,蝴蝶兰520,何老师,老师
41,藥嬍,喜欢,喜欢
42,mg26259765VdUu,为什么没有鬼鬼,没有
43,别说爱我30uUS,终于等到你???,终于
44,源味的源曦,终于迎来了明星大侦探4对于我是大侦探我很喜欢有小白的明星大侦探♡,有小白
45,Yeyiandrew,赞助商多了好多,好多
46,Yeyiandrew,听说暂时没有鬼鬼了？？？有点遗憾,暂时
47,薄荷味微凉青春,若昀,若昀
48,冯逍Dawn,终于..,终于
49,初心不改05tDRg,好看,好看
50,MXCCCC0215,期待,期待
51,白衣天使5247,期待,期待
52,小湯圓台北直购,期待伦伦,期待
53,王豆豆41ftEl,为啥没有鬼鬼呀?,没有
54,小鱼儿vor,啊啊啊啊，都等了好长时间，终于出了，就等小白呢！啊啊啊！白敬亭，帅！,好长时间
55,gnvhzz810610,最爱鬼鬼,鬼鬼
56,gnvhzz810610,鬼鬼,鬼鬼
57,gnvhzz810610,鬼鬼,鬼鬼
58,心安12,浦草好帅,好帅
59,hhhhhhr昊蓝,昊然昊然！好可爱～,可爱
60,mg20563010ZpB,66666666,66666666
61,咩咩锦,期待明星大侦探,期待
62,勿问520,期待下一期,期待
63,海是一座无墙的城62VLG,终于开始了,开始
64,知丹27sWLQ,哈哈,哈哈
65,123009o,高兴，期待,高兴
66,123009o,高兴，期待,高兴
67,胖诗萌萌屋,白敬亭,白敬亭
68,胖诗萌萌屋,最爱白敬亭,最爱
69,等待xing,希望小绵羊来一次破案??,希望
70,等待xing,希望小绵羊来一次破案??,希望
71,浮生如梦521,我的天，终于等到你,终于
72,灰太狼41MAj,哈哈健健康康,哈哈
73,zlyswdox,好看,好看
74,Mini迷你79wpi,榜单,榜单
75,mg77672669wWu,打卡,打卡
76,小顺60vVC,喜欢你们,你们
77,QQ_agtaLa30sgfR,终于等到你,终于
78,小汤圆0921,脑力全开,脑力
79,没感情的鸭jio,红红火火恍恍惚惚,恍恍惚惚
80,mg65730693nZJV,我欧我白我撒我何。,我何
81,struggle吞没心伤54smZJ,白白,白白
82,mg34464760cPA,真的好看,真的
83,柚稚96XmG,超级喜欢大侦探,喜欢
84,失心少女23LmC,鬼鬼没来?,鬼鬼
85,玖叶hexa,终于等到了！今生不悔追名侦！,今生
86,Alh晴若幻黎,开心开心,开心
87,爱灿妮的啵虎,期待魄魄,期待
88,可爱的精灵96ffh,期待期待期待。,期待
89,mg96630631tuuL,为我昊然弟弟来的,弟弟
90,TADA冬,期待！?,期待
91,TADA冬,期待！?,期待
92,风48NRkN,好期待,期待
93,QQ_aduz2hPFcNcO,鬼鬼，没了。。。,鬼鬼
94,佳29UyAs,好好好,好好
95,mg16362127jDn,哇，终于又看到了，期待好久啊，从第一季到现在，每期都看呢,好久
96,贞子_t9R,终于等到了,终于
97,薇薇03qMXl,哈哈哈,哈哈哈
98,mg06343898SjGf,呵呵,呵呵
99,0v益达,终于等到你，还好我一直守着,终于
100,mg19809086Kpdy,等了好久了都，前三季都刷了无数遍了，这季鬼鬼不在好可惜啊,好久
101,mg18765450OBXa,不敢看，咋办，拖了一个星期了，再不看，就又更新了,更新
102,WECHAT_akSuZigf2yQ4,有点不敢看…,不敢
103,季季红排骨面,山花cp是谁,山花
104,佛系乖狗,哎呀 来晚了 嗨皮?,哎呀
105,生命因努力而精彩,鬼鬼，哎,鬼鬼
106,洗墨鯤鋒,好看,好看
107,QQ_a4k8BllCHAzW,邓伦巴,伦巴
108,陈小玉买鱼,罗云熙！！！小鱼仙倌???,小鱼
109,惹蕊,签到,签到
110,难留96YKU,为了白敬亭来的,为了
111,QQ_aneVan0hbMdL,为什么没有鬼鬼？,没有
112,WECHAT_9Sf1PdT21DQN,邓伦巴,伦巴
113,mg26598986MHRi,马思纯和邓伦呢？,邓伦
114,mg26598986MHRi,马思纯和邓伦呢？,邓伦
115,mg26598986MHRi,马思纯和邓伦呢？,邓伦
116,说客17Hvz,真好 还是你们,还是
117,白85GQkW,白白,白白
118,mg33091695KEgx,加油,加油
119,mg33091695KEgx,加油,加油
120,Alifetimeofhappiness,加油,加油
121,mg88359402RsVC,哈哈,哈哈
122,mg82186667SHlf,没有鬼鬼不想看了！,没有
123,风凌de灵枫,表白大侦探,表白
124,冰82OPQL,为了昊然而来 支持明星大侦探！,然而
125,钟淑华,呵呵……""}],""label"":[],""video"":{},""title"":"",video
126,QQ_aoagr3SuaQXs,太无聊了,无聊
127,茶音45sESF,白敬亭,白敬亭
128,从心89wmp,技术上线??,技术
129,柠柒筱染,开心开心，第四季啊～
撒花撒花?,第四季
130,南宫逸12ofLG,有别的活动啦，档期有冲突""}],""label"":[],""video"":{},""title"":"",title
131,阿晶47660,鬼鬼怎么不在呢,怎么
132,如果我们不曾遇见,终于等到你！！！,终于
133,薛小宝么,明星大侦探?????想念想念,明星
134,红烛67EkXx,终于等到你^ω^,终于
135,来年南风起,贝贝,贝贝
136,H凉H,哈哈,哈哈
137,WINKERS,想看魄魄,看魄魄
138,花开半夏34sfmq,白敬亭,白敬亭
139,武惜烊Sweet,终于来了,终于
140,WECHAT_akVu5gnmCOYa,终于等到你,终于
141,WECHAT_akVu5gnmCOYa,终于等到你,终于
142,荒原的花52601,怎么办，希望龙哥可以来哎,希望
143,ikunandcxk,终于等到你，感动中(ಥ_ಥ),终于
144,年少轻狂不枉少年68stX,n刷前三季，终于等到第四季,等到
145,千着烊光下的梨涡王子,喜欢,喜欢
146,银河系的小旺仔,他们是故意把鬼鬼遗忘了吗?还是剧本,剧本
147,道是晴天好,没有鬼鬼?,没有
148,mg1470673052202,好幸福 终于等到你  还好我没放弃,等到
149,mg1470673052202,好幸福 终于等到你  还好我没放弃,等到
150,喜与悲31173,魄魄♡,魄魄
151,花花子小仙女,初一到高一，欢迎回来，我的青春♥,青春
152,酒空人醉78bnI,真巧，我是高一到高三""}],""label"":[],""video"":{},""title"":"",label
153,Pecksniff44QBu,等了这么久，终于来了，小白爱你,终于
154,天涯18rKV,终于等到你！,终于
155,Dummer浅时光99Zlv,终于等到你，还好我没放弃！~大爱小白,等到
156,SeHun48682,终于等到啦,终于
157,盛夏白沫,蒲熠星，上过一站到底和天才知道，也是南京大学的校草和大使""},{""date"":""14小时内,date
158,MapleYJ,蒲草到底是哪位？（想知道""}],""label"":[],""video"":{},""title"":"",title
159,盛夏白沫,蒲草来了,蒲草
160,MapleYJ,喜欢看,喜欢
161,mg48538371dayB,不是白鸽吗""}],""label"":[],""video"":{},""title"":"",video
162,Miller49nln,白白！！白白！黑鸽永远♡你！,永远
163,喜棣棣的十一,忠实粉,忠实
164,mg48538371dayB,期待好久了,期待
165,滢03vmF,大爱明侦！！?,大爱明
166,殤熙,开始了,开始
167,mg43542492sIkB,希望李溪芮去,希望
168,猫蔓瑜LCZ,爱小白,爱小白
169,猫蔓瑜LCZ,我的白白,白白
170,栀子花开29492,放假立马来追,立马
171,仙女本人z,一千,一千
172,Rayn66730,终于等到你，还好我没放弃，我的大侦探。,等到
173,十柒233,开心,开心
174,sorrowful20YKy,还是喜欢前三期恐怖一些的比较真实,真实
175,七天16JUzK,真的很喜欢的节目,真的
176,Aaa如风少年,不叫加盟谢谢 她就是首发""}],""label"":[],""video"":{},""title"":"",video
177,mg24011227GZGb,好期待鬼鬼加盟啊,期待
178,沈熙宝宝,啊啊啊啊啊啊啊我的白白呀，想死你啦啊啊啊啊啊,白白
179,静怡小胖子哇,好看,好看
180,易生玺爱14UJeM,方便今天,今天
181,nana61flgX,那个,那个
182,只做好凉姑_,可乐,可乐
183,琦_51ZIt,好看,好看
184,浅浅玫瑰淡淡香49crr,白敬亭,白敬亭
185,星星躲进云里,最喜欢的综艺,喜欢
186,古城暮雪,哇哇,哇哇
187,陌路09mGG,我等了好久,好久
188,离人梦24hyO,白白,白白
189,Qi29AQZ,啊啊啊，终于有得看了,终于
190,mg026263,小白,小白
191,mg08633916Flt,终于来了,终于
192,刘嘉35FSE,23333333333,23333333333
193,傲娇的呆子0_0,吓我一跳 今天就是11月2日。。,就是
194,傲娇的呆子0_0,吓我一跳 今天就是11月2日。。,就是
195,菜菜29QNW,好看的了,好看
196,万能的小黑丶,想跟何老师演一次暗恋桃花源。。我也演过，也在保利。是常州保利大剧院,暗恋
197,mg57200176UOAd,鬼鬼我来看你了,来看
198,小雪球15Yjoz,好看,好看
199,哎呀呀83WPa,好看,好看
200,囧囧77pUv,期待期待期待,期待
201,Emily67nXtA,期待,期待
202,Deer鹿哒哒,好好看,好好看
203,凝熙P,白白的鸽子来了?,鸽子
204,睫毛上的眼泪32wMZ,期待,期待
205,千璽凱,白敬亭,白敬亭
206,暝辷,大老师怎么不在？？？？,怎么
207,S呵呵2,蒲熠星,蒲熠星
208,S呵呵2,蒲熠星,蒲熠星
209,黄昏烟雨醉红尘,懂得,懂得
210,mg39858068VKAw,没有我鬼,没有
211,可乐味的小确幸,终于开播了,终于
212,可乐味的小确幸,终于开播了,终于
213,飞龙在天57jVW,好看。,好看
214,mg41948001TupB,期待期待,期待
215,王佑吉吉,鬼鬼 鬼鬼 呼叫鬼鬼,呼叫
216,蟹家堡的小猴子,小白,小白
217,周彤玥,打卡,打卡
218,周彤玥,打卡,打卡
219,mg29206945ddeY,啊啊啊啊啊,啊啊啊
220,mg29206945ddeY,啊啊啊啊啊,啊啊啊
221,WECHAT_a9zagffojeh7,二哈二哈,二哈二哈
222,籹孒不认输48HwxZ,喜欢,喜欢
223,mg46505361vlzM,哈哈,哈哈
224,Kun家的ikun,白白,白白
225,小帅哥89UZS,大侦探,侦探
226,Ya99AiS,好看,好看
227,mg13766736NPQ,棒棒哒,棒棒
228,无悔青春78qTv,白白,白白
229,无悔青春78qTv,白白,白白
230,mg85462521vCY,从第一部开始，我就很喜欢明星大侦探！很有趣很有趣！！当上一部完结的时候，还在想什么时候会出下一部。后来就一直等啊等啊等，现在终于出了！！！超级激动的＼(≧▽≦)/！！！因为自己是个学生，两个星期才回一次家碰手机，好失望。但，这不妨碍我看！！！开心！,侦探
231,棉花糖是苦的,好看好看,好看
232,蜜糖22YDw,期待很久了哦,期待
233,蜜糖22YDw,希望可以一直办下去   超级喜欢的,下去
234,清晨86iDTu,好看吗,好看
235,单色四叶草92SplJ,第一,第一
236,单色四叶草92SplJ,第一,第一
237,zha647237,开始了,开始
238,QQ_apHxugY6jayi,little白,little
239,QQ_adefxaKL0kxq,来吧，我准备好了,准备
240,酥酥呀00,小白,小白
241,柚子茶47Yhp,为啥没有鬼鬼呢?,没有
242,柚子茶47Yhp,为啥没有鬼鬼呢?,没有
243,颜小千,是我打开的方式不对嘛，怎么还没有。。。。。,怎么
244,颜小千,居然还没有,没有
245,颜小千,居然还没有,没有
246,颜小千,1分钟,分钟
247,颜小千,2分钟,分钟
248,颜小千,快十二点了，怎么还没有,没有
249,缺月挂疏桐,还有3分钟，坐等,还有
250,多黑的天总得亮,哈哈,哈哈
251,MENTAI65rgAF,小白,小白
252,谢谢灵灵,坐等,坐等
253,谢谢灵灵,坐等,坐等
254,陪敖子逸成为世界中心啊,打call打call,call
255,律笺文50ILBR,喜欢大侦探,喜欢
256,9387LBL,还有十五分钟！！！,还有
257,Zoey06cLid,何撒鬼白欧什么时候再合体啊，超期待的,合体
258,Silence_Season,大侦探！,侦探
259,Silence_Season,大侦探！,侦探
260,居一龙的女朋友,2333,2333
261,喵趴,打卡,打卡
262,mg36955318Zvf,坐等中午更新,更新
263,J64cAa,看剧,看剧
264,陳陸楠,哈哈,哈哈
265,QQ_alllR3mIgdXM,白敬亭,白敬亭
266,QQ_alllR3mIgdXM,白敬亭,白敬亭
267,一只认真的小银,我在等今天中午的正片,今天
268,mg55290389nmVx,没VIP怎么办！,怎么办
269,QQ_agR8ejALWAQ4,坐等12.00,坐等
270,玖之81lObV,我的白白太聪明辽，bjt不加糖，白敬亭哈哈哈,加糖
271,玖之81lObV,我的白白太聪明辽，bjt不加糖，白敬亭哈哈哈,加糖
272,mg81923183lQGE,好看,好看
273,看不到的无声泪,知道明星大侦探又来了，就充钱了??,明星
274,mg51031895beu,好看,好看
275,紫勒个婷,好看,好看
276,北葵向暖14wWy,周五了,周五
277,宠你13ALG,终于来了,终于
278,宠你13ALG,终于来了,终于
279,染49qrB,小白小白,小白小白
280,彼此都陌生54gVv,蔡徐坤,徐坤
281,颖火之关,就是,就是
282,wuli峰峰吖,好看,好看
283,骨病养生,好看,好看
284,用户5957699492,真好看,好看
285,17863856190,啊啊啊啊啊啊,啊啊啊
286,17863856190,啊啊啊啊啊啊,啊啊啊
287,mg31567789Pxll,何炅还是很棒！,还是
288,薇薇1222,白敬亭顾南衣,顾南衣
289,染巷九喵,正片在哪里啊,哪里
290,糖糖糖汐,双北！,双北
291,张起灵的小仙女,白白,白白
292,周萌84QXS,好haha,haha
293,不再湘逢,好想鬼鬼,鬼鬼
294,星星71zGA,好期待,期待
295,蔡徐坤的苏子衿,好看,好看
296,兜兜35puwv,看了好几遍,好几遍
297,咸菜咸菜1,好看,好看
298,PERI0525,今天中午12点就要更新了，好激动，更了我就要开会员了?钱兜子都献给你了芒果??,兜子
299,mg94901438GeOr,今天！,今天
300,mg94901438GeOr,今天！,今天
301,敲喜歡你,刘昊然,刘昊然
302,问_____念否,等待,等待
303,九命82dVU,啊啊啊啊啊，快开始了，激动,开始
304,莹莹玉竹筱,打卡,打卡
305,菟族失心,好看,好看
306,君如玉666,回来啦  真好！,回来
307,彼岸55Etw,终于来了,终于
308,Twenty57MOLy,终于等到了周五,终于
309,mg30227602eQGI,今天更新啦,今天
310,mg30227602eQGI,今天更新啦,今天
311,lainkay,周五啦，周五啦，今天播出第一期！✌️✌️,播出
312,王一楠楠,刘昊然,刘昊然
313,ekhkzm807220,什么时候才是正片啊?,什么
314,neverchange08NCj,第四季了,第四季
315,李是风景易如你,周五来了来了来了～明星大侦探要更新了更新了！开心ヽ(○^㉨^)ﾉ♪～等着呢～,开心
316,陌殇11HEA,好看,好看
317,mg32013913kLA,正在看第一季的过来看看第四季，很喜欢何撒鬼白鸥这个组合，若昀和昊然也喜欢，但是鬼鬼怎么没有回归呢？谁能告诉我期间发生什么了吗？,何撒鬼
318,mg32013913kLA,正在看第一季的过来看看第四季，很喜欢何撒鬼白鸥这个组合，若昀和昊然也喜欢，但是鬼鬼怎么没有回归呢？谁能告诉我期间发生什么了吗？,何撒鬼
319,mg32013913kLA,正在看第一季的过来看看第四季，很喜欢何撒鬼白鸥这个组合，若昀和昊然也喜欢，但是鬼鬼怎么没有回归呢？谁能告诉我期间发生什么了吗？,何撒鬼
320,晨83YoNU,666,666
321,mg42103847doAV,哈哈哈,哈哈哈
322,mg98190710jENG,打卡,打卡
323,包子呗,终于周五了！！！！,终于
324,棣媳fu,66,66
325,煖昤,啊啊啊啊啊,啊啊啊
326,vina04jHnm,期待,期待
327,QQ豆儿,等的我好着急啊，今天第一期开播！,着急
328,mg09351183QsV,好看,好看
329,蝴蝶兰520,好神秘,神秘
330,无语2lh,好看,好看
331,迷失的小紅帽77UWj,好看,好看
332,琰儿呐,又是好几刷,好几
333,琰儿呐,又是好几刷,好几
334,妈的智障0929,白敬亭,白敬亭
335,妈的智障0929,白敬亭,白敬亭
336,mg46985956NxE,挺好的，但是没有野生厨房好看啊,好看
337,mg46985956NxE,挺好的，但是没有野生厨房好看啊,好看
338,乀一抹绿茶乀85WoNZ,终于更新了,终于
339,夜空最小的星星,昊昊,昊昊
340,低熟趣味27Akx,哈哈哈,哈哈哈
341,mg796972,期待,期待
342,mg11715836GlaN,一睡起来，就可以看了……,起来
343,小胡kk,终于到星期五啦,终于
344,天浅蓝78EuW,继续,继续
345,陌76tfP,白白,白白
346,花落大人,很好看,好看
347,mg749115,鬼鬼呢，大勋呢,大勋
348,花落大人,不错,不错
349,花落大人,不错,不错
350,花落大人,不错,不错
351,花落大人,不错,不错
352,戴花环的少女酱,白白拜拜,白白
353,mg04685602SWNT,为了vip积分！忽略我！！！,忽略
354,mg04685602SWNT,为了vip积分！忽略我！！！,忽略
355,言兮00Tbeo,好看的嘞,好看
356,饱包,加油,加油
357,易心意义,倒计时12个小时,小时
358,易心意义,倒计时12个小时,小时
359,温顺的野狼72007,正片正片,正片
360,张z9,好看,好看
361,情比纸薄44lkl,超级喜欢小白，头脑灵活，思维清晰，太棒了,小白
362,沉淪i,小白,小白
363,夜影幽冥,静等开车,开车
364,一念之间05pSQT,没有鬼鬼,没有
365,南风知我意念你已成疾65SYZI,终于更新了,终于
366,MrCrow乌鸦先生,超期待,期待
367,mg12371499YncI,喜欢,喜欢
368,泠凡月,期待(๑˙ー˙๑),期待
369,怡宝呀哈哈哈,十二个小时后见,小时
370,mg43364228behj,再来一遍,一遍
371,可可67toL,??随便刷刷看到了，还好没来晚！,还好
372,小含33nbZZ,超级喜欢的,喜欢
373,嗯92cSSh,哈哈,哈哈
374,shw64QUh,好看,好看
375,活奔乱跳大兔叽,终于等到！！,终于
376,李舌甘舌甘,这一周过的好慢啊,一周
377,朝阳以俞86gnrk,山花山花,山花
378,mg24718980izNM,，看完后有,完后
379,苗苗JZ,开心,开心
380,爱吃火锅的李木子,快快快,快快
381,爱吃火锅的李木子,快快快,快快
382,柠檬89dmly,呵呵,呵呵
383,氤氲Smile,小白,小白
384,亲爱哒珍_,面膜,面膜
385,新11,好看,好看
386,小褚子的二哥,何撒鬼欧白！,欧白
387,我打野在别抓我,马上更新啦,马上
388,mg25869280hun,大勋邓伦白白,白白
389,mg93449775VLYW,白敬亭,白敬亭
390,manman文文,雞凍！！！,雞凍
391,清竹523,白白,白白
392,QQ_aiAxY8sPCFWw,666,666
393,万人中央我会发光22024,终于等来了,终于
394,mg91966141LFOK,期待白白！！,期待
395,mg17923510qhhI,最爱小白,最爱小白
396,傻咪幂,刘昊然,刘昊然
397,52o318,你们觉得磊磊不来可不可惜？,可惜
398,午时茶是我姐们,等下期,下期
399,午时茶是我姐们,等下期,下期
400,香草的伞lyf,快来呀！！！,快来
401,WU97OpRy,期待,期待
402,黄桃果冻爱好者,期待何撒鬼白欧合体 我的团魂啊,白欧
403,mg16265421VmD,下期见,下期
404,mg33091695KEgx,加油,加油
405,蘑菇摩,明天中午,明天
406,GD33OHg,看小白,看小白
407,iy云胡不喜,小白好帅,小白
408,不喜欢64dkF,我好期待,期待
409,温顺的野狼72007,期待正片,期待
410,坤ikun08020217,真的喜欢明星大侦探啊，从第一季追到第四季,第四季
411,坤ikun08020217,真的喜欢明星大侦探啊，从第一季追到第四季,第四季
412,千玺的小小公举,期待,期待
413,mg99401051nTqa,赶快播正片啊，本季先导片不如以往啊,先导
414,夏末的晨曦71zaQ,喜欢小白,喜欢
415,小格子73ascb,白白,白白
416,小格子73ascb,白白,白白
417,emgt40wDMi,hh,hh
418,mg02714447KSyk,好看,好看
419,蒙奇奇0505,好看,好看
420,蒙奇奇0505,好看,好看
421,时光静好75cuW,期待期待,期待
422,煖昤,明天第一案！,明天
423,尾指勾起回忆62ZkLG,好看,好看
424,榴莲味的烊烊51FOIs,有点吓人,有点
425,榴莲味的烊烊51FOIs,有点吓人,有点
426,mg37778921scf,WOW,WOW
427,mg37778921scf,WOW,WOW
428,陌_2,超爱超爱名侦呢,超爱名
429,我吃着芒果喝着芒果汁,好开心,好开心
430,我吃着芒果喝着芒果汁,好开心,好开心
431,solely雨,啊啊啊啊啊,啊啊啊
432,若晴83tkXG,好看,好看
433,L35iGQ,期待,期待
434,mg53325542szgH,每天都来刷一遍,每天
435,mg198348,期待第一期,期待
436,2蕶,没鬼鬼不看放弃,放弃
437,Wlxmhhn,真的超棒，追了三季了,真的
438,mg59737817IROg,撒贝宁最帅！,贝宁
439,mg59737817IROg,撒贝宁最帅！,贝宁
440,包子rou,报道,报道
441,一份源味奶兴_,为大明侦打电话！！！,打电话
442,智芬芬,为小白打电话,打电话
443,巴扎嘿Nancy,我要看小白,我要
444,安颜默钰,啊啊啊啊，明天终于可以看了,终于
445,七月半41iUVN,好期待啊?,期待
446,pear26wRQ,期待更新,更新
447,如若暖洋,比心,比心
448,如若暖洋,比心,比心
449,挽歌朽年月,好看,好看
450,Small梨涡奶烊,好看,好看
451,滢03vmF,期待好久的小白跟昊然合体终于实现了超期待的,合体
452,mg67139321WeYY,期待,期待
453,mg67139321WeYY,期待,期待
454,mg96222300DenF,还不错,不错
455,流水似年37Qlx,熟悉的音乐?,熟悉
456,小姐我没头没脑唯念你42Qwx,这是我唯一一个人的时候不敢看的娱乐节目,不敢
457,mg32585346yYxx,鬼鬼什么时候回归?,时候
458,mg23769528wzY,不变初衷，脑洞大开,大开
459,mg72544352tvTX,爱你?！何老师！,老师
460,灿7阿,期待,期待
461,然然52zluw,更新,更新
462,然然52zluw,更新,更新
463,QQ_aqAyd8LiLky0,小白回归,回归
464,羡离殇,期待,期待
465,清玖酒75eKAL,哈哈哈哈哈哈,哈哈哈
466,A带颜,居然看到了大勋哥，我一定会看完这部剧的.,居然
467,mg73441994vHiP,终于等到了,终于
468,mg24677531xTdg,呀呼呼,呼呼
469,何梦妮h,喜欢白敬亭，何老师,喜欢
470,mg95139269bAXh,好开心,好开心
471,mg95139269bAXh,好开心,好开心
472,昕宝60FKp,我想要邓伦,想要
473,吃货84GTDL,期待,期待
474,iKun_ikunkun,开心到炸裂，明侦回来了。
小白，欧姐，何老师喜欢喜欢~,喜欢
475,iKun_ikunkun,开心到炸裂，明侦回来了。
小白，欧姐，何老师喜欢喜欢~,喜欢
476,ekhkzm807220,希望山花合体!,希望
477,照片选取,从第一等到第四,第一
478,mg86749270elU,为啥子有王鸥，没有鬼鬼啊，鬼鬼多搞笑啊,搞笑
479,纯属逗你玩乀乀,好看,好看
480,jjjxyy,最喜欢明星大侦探,喜欢
481,jjjxyy,小白最帅了,小白
482,mg33125119AdDD,终于要来了，期待,终于
483,陆离46Xqff,哈哈哈,哈哈哈
484,朝阳以俞86gnrk,小白呜呜呜,小白
485,mg28341357fpeY,小白,小白
486,独影风行,终于等到了，第一个案子就5个小时，期待！,等到
487,胖诗萌萌屋,哇塞 哇塞,哇塞
488,薇薇27vgYC,好看,好看
489,聚龙湾的回忆,哈哈哈哈,哈哈哈哈
490,mg86416062flOa,期待,期待
491,mg94901438GeOr,一天！,一天
492,尐吖頭乀_,啊啊啊超爱的大侦探终于更新了,侦探
493,尘封者,路过,路过
494,尘封者,路过,路过
495,mg62916532TqMc,可以啊,可以
496,敲喜歡你,为刘昊然而来,然而
497,_盖世小可爱,撒撒！,撒撒
498,_盖世小可爱,撒撒！,撒撒
499,空成旧梦16CQw,好看,好看
500,B黑色专属,想用她换回鬼鬼""}],""label"":[],""video"":{},""title"":"",video
501,山一程水一程53TZG,怎么看到那个夜光剧本的女人就不愿意看下去呢,愿意
502,流苏28XQcB,终于来啦,终于
503,mg754525,呵呵呵呵哒。,呵呵
504,mg25023603hMza,好帅啊,好帅
505,mg25023603hMza,好帅啊,好帅
506,墨染流年74620,喜欢,喜欢
507,L0vE57gyQy,好看,好看
508,憧憬花开,期待,期待
509,DingDing丁,期待期待,期待
510,DingDing丁,期待期待,期待
511,DingDing丁,期待期待,期待
512,DingDing丁,期待期待,期待
513,与我桐在杨桐暖心少年,好看,好看
514,与我桐在杨桐暖心少年,好看,好看
515,白敬亭的丑鞋,嘻嘻嘻,嘻嘻
516,mg17311774BnKx,双北组合,组合
517,mg17311774BnKx,双北组合,组合
518,瞌睡虫41pwvA,每一期都看了,一期
519,小小蒋58086,好看呀,好看
520,谭50EIV,明天?,明天
521,咸鱼爸爸i,TT,TT
522,柠檬萌梦朦,五刷,五刷
523,mg16563749TnrE,好看,好看
524,安之若素48451,好好好,好好
525,夏木64Bfz,积分但也好看,好看
526,mg60797152vwHQ,看着回忆，都想回去把前几季再看一遍,回忆
527,敏敏08Ltvv,不错,不错
528,bjt白夫人,炒鸡喜欢白白,喜欢
529,艺宝59tnzy,111,111
530,wm冠,www,www
531,mmdyt54Qgv,期待,期待
532,不忘初心方得始终18IBdD,期待(๑˙ー˙๑),期待
533,笙歌绝丶何以笙箫默52sui,明天就要演了，开心,明天
534,mg06464718sxoY,签到,签到
535,mg64098684PwHg,等了好久终于来了,终于
536,不愿意透露姓名的市民阙某,哈哈哈,哈哈哈
537,mg65128063TGHL,等了许久许久，前面三季刷了好多次，终于等到你,等到
538,颩哋陔子舊偲緒,期待,期待
539,mg73290199ieAI,11,11
540,zombie11Vkrs,白白和小鬼组合魄,组合
541,造梦者男装,何老师,老师
542,贝贝ihuge,小白,小白
543,Jackson仔,哈哈,哈哈
544,归零29582,期待中,期待
545,星空物语_GJ3,大侦探,侦探
546,巍巍一笑小澜孩,哈哈哈哈哈哈,哈哈哈
547,巍巍一笑小澜孩,哈哈哈哈哈哈,哈哈哈
548,梦及深海62ioq,好期待哦～,期待
549,夏已未央,明天快来吧,明天
550,mg18574360gosv,终于等到你，bjt,终于
551,倒写321,好看吗,好看
552,曾相忘i,啧啧啧,啧啧
553,被神喜欢65tKe,白敬亭,白敬亭
554,大芳48pu,哇偶,哇偶
555,儝驚欁,哈哈哈,哈哈哈
556,不加糖yeah,期待第一期正片！！,期待
557,mg49292177WltS,22,22
558,mg49292177WltS,22,22
559,金芳1234,期待鬼鬼鬼鬼,期待
560,zhiqiu安稳,喜欢,喜欢
561,zhiqiu安稳,喜欢,喜欢
562,mg06414767UIpe,昊然～白白～哇咔咔,白白
563,Jamie822,好棒棒,棒棒
564,栖浅xi,要播了要播了要播了！！！！,要播
565,小生42csgw,哈哈哈哈哈哈哈哈哈哈,哈哈哈哈
566,小娇12mNE,好好看,好好看
567,mg89580176QSK,明侦,明侦
568,小花儿99Kfai,支持刘昊然,支持
569,皓黎羲,何老师,老师
570,听先生,等到啦,等到
571,mg85131367UZR,赶紧更新！怎么更新这么慢？
还有为什么没有我家磊磊了？
也没有鬼鬼了？,鬼鬼
572,刻骨铭心03qTjw,快更新,更新
573,抱走农农啦,期待,期待
574,本宝宝才是宝宝,喜欢你们 好爱,你们
575,ganrn,好看,好看
576,mg56341380PFG,明天就看第一期啦，哈哈哈！,明天
577,涵雪68GtZS,哇哇,哇哇
578,mg02649669ZGhQ,超级期待呀,期待
579,mg02649669ZGhQ,超级期待呀,期待
580,mg11272967IXgp,你们喜欢这里面的谁?,你们
581,mg19961209,先导片看了不下五遍啦?️明天终于要来了,要来
582,dtsk24SNRY,好看,好看
583,脆皮泡芙了解一下,啊啊啊啊啊啊啊啊,啊啊啊
584,你的皖皖,喜欢撒,喜欢
585,黯淡月光7,初心啊,初心
586,糕糖,小白,小白
587,blingblingbiubiu,帅爆了,帅爆
588,手捧初梦28230,好看,好看
589,手捧初梦28230,好看,好看
590,小仙男湛辞,期待期待,期待
591,琳微蓝01,我来了,我来
592,不想早起的杜小堂,函谷关,函谷关
593,不想早起的杜小堂,函谷关,函谷关
594,勉强可爱Lin,期待明天,明天
595,mg08049550Auc,小白,小白
596,精炼成爹天边牧场,那就好v发好纠结,纠结
597,初相见41crKH,明天第一案，期待中……现在就有点小激动！！是不是激动的有点早呀??,第一案
598,QQ_aebsgoV1CQud,哈哈哈,哈哈哈
599,LYF悦,还有一天！！无比期待正片！,期待
600,mg86246597ghBy,期待,期待
601,mg86246597ghBy,期待,期待
602,mg86246597ghBy,期待,期待
603,mg87224538mMS,终于回来了，好期待！,回来
604,NaturalStory121354,好看,好看
605,念微21OqlS,期待,期待
606,盼盼414,。喝喜酒,喜酒
607,天云晓晓96xzcj,超级期待，脑洞大开！,超级
608,执念64SXpj,好看,好看
609,木子洋的小懂事儿丶,何老师！！,老师
610,mg73124938kqEF,为了积分,为了
611,mg60011544xpls,?积分,积分
612,mg40097890jFsb,几句,几句
613,清杭里66Maj,明天见呐,明天
614,papaya928,好棒啊这季,这季
615,东北大妹子7415369,哇哈哈哈,哈哈哈
616,混世小仙女18gxOc,爱你们啊,你们
617,东北大妹子7415369,啊啊啊啊啊啊,啊啊啊
618,水暖工店,好就没见撒老师了。,老师
619,陳珎25XtXA,邓伦会不会来录一期特约？,特约
620,不听话的小孩纸,期待?,期待
621,薄荷少女暖夕夏50Gml,喜欢,喜欢
622,星31qKQ,白白,白白
623,漫长白日梦46BRGD,很好看,好看
624,等夏之至,白敬亭,白敬亭
625,茹94RyY,期待,期待
626,茹94RyY,期待,期待
627,焕琴听,终于,终于
628,浅色夏沫86zGZn,你们最喜欢哪一期,你们
629,浅色夏沫86zGZn,你们最喜欢哪一期,你们
630,浅色夏沫86zGZn,你们最喜欢哪一期,你们
631,Eleven87tFfz,期待期待,期待
632,季航啤酒鸭,刘昊然！！！！！,刘昊然
633,荧光粉32zzm,好看,好看
634,Lochee,坐等,坐等
635,冰姿倩影,千呼万唤还没有,没有
636,杨婷姐,好看,好看
637,忆夏29malZ,乖乖白,乖乖
638,忆夏29malZ,乖乖白,乖乖
639,y多多滴大闊愛,哈哈哈哈哈哈,哈哈哈
640,彩虹下的回忆18fSQ,好看,好看
641,何大宝宝宝宝贝,鸥姐,鸥姐
642,Nostalgia11myv,小白小白，大勋大勋，,小白小白
643,大梦梦70lNR,可算是来了,算是
644,小汤圆0921,终于更新啦,终于
645,魜之初,明天两个半小时。下周再两个半小时。好想下周一起看个够???可是我怕我忍不住,看个够
646,芳鑫呀,期待！,期待
647,JIA雨Qqi奇怪怪,来来啊,来来
648,mg72583043oUn,。好期待,期待
649,念纯白,终于可以死人了吗？,可以
650,啊等咯,克拉的,克拉
651,deardeermit,我的明侦！从第一季第一集开始追的明侦！,开始
652,deardeermit,我的明侦！从第一季第一集开始追的明侦！,开始
653,超超60514,好看,好看
654,超超60514,好看,好看
655,水暖工店,帅哥美女你们在找什么？,什么
656,航程71tSI,期待,期待
657,皇萱ss,张真的可以不要来。都不来几次。,真的
658,余笙42AYy,好想看第一季,第一季
659,峰妻y,期待！超级期待！,超级
660,我是明白的人,终于等到了,终于
661,KIA75uGzn,好看,好看
662,forgoodty,好看好看好看好看,好看
663,安宁和Lida,期待明天,明天
664,依文洁琳64NNBB,牛皮,牛皮
665,Brittany96xuFF,中午更新了。等了好久好久。。,更新
666,Fy嘟嘟,明天十二点，准时守候,守候
667,Hickeyn,好看，期待了好久,期待
668,东北小莹仔,喜欢,喜欢
669,果果15PDrc,呵呵,呵呵
670,遺失的美好19YVFU,哈哈,哈哈
671,坚持到底一定很酷,为撒贝宁而来,贝宁
672,笑一个54Zwrz,明天就开始第一案了，期待,明天
673,柚子酱s,期待第一期,期待
674,氷H,这一季没有鬼鬼了么,没有
675,想要成为张pd的小骄傲,66,66
676,君如陌上尘27gdS,期待明天的大侦探,明天
677,醉意流年g,哈哈哈,哈哈哈
678,陌年微凉dd,6666,6666
679,绿柠檬姑娘,好看,好看
680,白钺,等待！！！,等待
681,mg52144802itg,喵了个咪的喜欢的人吗？的喜欢的人吗，的是哪个哈利路亚的喜欢我这样更好了吗，的喜欢我这样更好了吗嗯呐呗，的建议你有吗嗯呐呗,路亚
682,雪天55PmsQ,11,11
683,阳光女孩68qBs,积分,积分
684,水蓝色15259,还是想看邓伦做常驻,还是
685,烟酌,白白,白白
686,兮沫02lZQu,sa,sa
687,余小花_,明天又可以看明星大侦探了,明天
688,好了你很烦啊,明天就周五啦,明天
689,mg27329909TlYw,ok,ok
690,mg43270290tIEf,终于开播了！等你好久了《明星大侦探》。开心,好久
691,mg94575679kvCg,更新了，哈哈,更新
692,沐梓敬敬静,明天见,明天
693,沐梓敬敬静,明天见,明天
694,我爱追剧爱综艺,熟悉的配方，熟悉的味道,味道
695,mg58252695stzy,12,12
696,mg48872260vipF,好看,好看
697,一個人的安靜19hiy,终于更新了，好期待啊,终于
698,仙草田田,好看,好看
699,mg09092612AvTo,追逐,追逐
700,饿了的咕噜咕噜,终于！,终于
701,饿了的咕噜咕噜,终于！,终于
702,饿了的咕噜咕噜,终于！,终于
703,136502,不错不错不错,不错
704,四叶草在未来唯美的开放,期待已久的开始了。,开始
705,四叶草在未来唯美的开放,期待已久的开始了。,开始
706,话藏心i74jhdI,你们最喜欢谁,你们
707,雨滴38wNW,真好看,好看
708,_CheYinQ,你定,你定
709,mg97676787EFqa,喜欢白白和鬼鬼,喜欢
710,LoveRain69FWU,等了一个世纪，总算等到了,世纪
711,Agoni阿凡啊,开心,开心
712,言西39OsAQ,期待,期待
713,左耳承诺,积分,积分
714,mg89484574mXnD,等明天啦,明天
715,WECHAT_alQ5fbBkqtvO,积分,积分
716,适应49kHCf,终于等到你还好我没放弃,放弃
717,mg76504596GRxH,嘻嘻,嘻嘻
718,mg21464715VCic,白敬亭,白敬亭
719,mg21464715VCic,白敬亭,白敬亭
720,路凯19961002,最小的,最小
721,路凯19961002,最小的,最小
722,奇猫65tCB,666,666
723,初晴82763653,更新啦,更新
724,初晴82763653,更新啦,更新
725,nessmin,每日一刷,每日
726,Yunnie_0906,期待正片?,期待
727,Sandm旧颜28vYDd,刘昊然呀,刘昊然
728,15859876074,123456,123456
729,mg02671381vhgi,终于更新了。,终于
730,mg02671381vhgi,终于更新了。,终于
731,QQ_agEtCgwCp1HA,一直在等待,一直
732,mg30982552INN,苏苏回归,回归
733,森屿柚子猫,双北cp 啊！还有魄快回来!,cp
734,清仓80Qsz,终于等到你了,终于
735,清仓80Qsz,终于等到你了,终于
736,末世之殇2014214,KKK哦哦哦得得,KKK
737,咿呀92zjTz,真好看，希望以后的。每期都比之前的那期更好看??,好看
738,于铠豪,hhh,hhh
739,姊戈,激动啊啊啊啊,激动
740,乌古云悠,又来啦！!!有一种不详的预感( ˘ ³˘)❤官宣,不详
741,小五50tLhs,超喜欢看的，每季都看,喜欢
742,Cenfengchun,好看，很烧脑,好看
743,泪花了谁的妆91gAkH,好看啊,好看
744,mg50123576fvNq,终于更新了啊,终于
745,mg63180439yNYo,一直在等第一集,一直
746,Bohemianlife83SVZ,好看,好看
747,艰难的前行46ZmV,终于开播了等了好久好久,终于
748,应许之日07gRZ,老撒好搞笑,搞笑
749,Fairy苏沐,最喜欢白白和若昀了，很可惜鬼鬼不在,白白
750,Fairy苏沐,最喜欢白白和若昀了，很可惜鬼鬼不在,白白
751,手机用户1910285093,哈哈哈哈,哈哈哈哈
752,墨药药check,厉害了我得白,厉害
753,mg75937623bJTD,终于等到,终于
754,是滴是滴00rXXf,白敬亭，这么久还好我没有放弃，白鸽一直在,这么久
755,欧阳露蕾,期待,期待
756,王晓晨61cVmW,何老师好帅,老师
757,宁宁33Xic,期待啊~,期待
758,甜不甜51jxYL,依旧好看,依旧
759,旧事酒浓26hwC,哈哈哈,哈哈哈
760,mg44613063iQiL,可以,可以
761,娜姐Ln83BZBF,坐等周五的,周五
762,娜姐Ln83BZBF,坐等周五的,周五
763,小黑糕,发发发,发发发
764,四时四月,超期待！,期待
765,十里紅妝82ZDgX,王鸥竟然是广西人,竟然
766,兔子跑啦,哈哈哈哈哈哈哈,哈哈哈哈
767,哇兔叽叽,哇哇哇,哇哇
768,小白xiaobai2,哈哈哈哈,哈哈哈哈
769,mg13361915ynbl,好看,好看
770,先给你吃,略略略,略略
771,宛在水中央51oTcS,好看,好看
772,圣人晓,66666666,66666666
773,圣人晓,66666,66666
774,给我一块草莓蛋糕,有刷一次,一次
775,夏沐海歌,真的好看,真的
776,夏沐海歌,好看,好看
777,mg71372970uVfX,下一个是谁呢,一个
778,mg39451374FRU,啊啊啊,啊啊啊
779,mg39451374FRU,啊啊啊,啊啊啊
780,嘤嘤怪哈,白敬亭??,白敬亭
781,无缘曦城,新一季开始了，开心?,开始
782,mg60854578MHZc,白白,白白
783,多黑的天总得亮,终于出现了，大侦探,出现
784,玄晨煜,小白帅帅哒,小白帅帅
785,jun6789456yhL,白白,白白
786,jun6789456yhL,白白,白白
787,1094bGUI,喜欢,喜欢
788,王的后妃,期待,期待
789,向秀60MWzS,期待期待,期待
790,一口榴莲,炒鸡期待呀?,期待
791,恶魔37kGQ,期待,期待
792,盛24oTGt,喜欢撒鸥cp,喜欢
793,罗小黑02XdU,千呼万唤始出来！,出来
794,A简单78FdOk,期待,期待
795,璐璐04eQP,喜欢,喜欢
796,mg60211981QyC,鬼鬼呢不算全员,不算
797,mg60211981QyC,鬼鬼呢不算全员,不算
798,mg60211981QyC,鬼鬼呢不算全员,不算
799,Opium82lbOJ,期待！,期待
800,椿花湫月,终于等到你?,终于
801,隐10NerW,来来来点个赞,来来来
802,隐10NerW,来来来点个赞,来来来
803,言蹊小可爱,冒泡,冒泡
804,萌味儿仙女,嘻嘻,嘻嘻
805,隐10NerW,来来来,来来来
806,mg14023580EITT,哈哈,哈哈
807,没到季末却很寂寞,亲亲,亲亲
808,QQ_amSy5bibXL4u,呵呵,呵呵
809,Tiffany谢,先导片,先导
810,夭夭32Sbne,蒲熠星现在变好多?,现在
811,夭夭32Sbne,蒲熠星现在变好多?,现在
812,X98TBa,好看,好看
813,当休未休,终于要播了，炒鸡期待,期待
814,mg18808143tccN,好难等呀,好难
815,Francisss,nice,nice
816,在彼中河,开心,开心
817,一米阳光三寸暖04RckX,坐等更新,更新
818,Erin2222,超超期待！明晚正式第一集,明晚
819,陌丶沫50Wwui,哈哈哈,哈哈哈
820,诗黛尔,好好好,好好
821,自由少女51IXF,哈哈哈,哈哈哈
822,北陌26,还有一天啦！,还有
823,眼中的你PLA,终于出来了 哈哈哈 我的何老师,终于
824,美侗美侗美,好期待第一期,期待
825,沫汐雪沁,又来重温了,重温
826,mg83959809liF,喜欢小白还有昊然～,喜欢
827,完美大猫姐,期待明侦,期待
828,厚德载物m,有和我一样等更新的吗,一样
829,mg03904984lum,期待,期待
830,星空84nTp,哈哈,哈哈
831,mg96087366NSt,终于等到你，还好我没放弃,放弃
832,October浓,等待,等待
833,mg77232433PJaL,好期待,期待
834,城俯_星晨,真心期待，真心喜欢,喜欢
835,mg94564296XTbr,好精彩啊！,精彩
836,mg74340295ZGQ,终于等到了,终于
837,mg91230244rXT,终于等到,终于
838,mg60211981QyC,鬼鬼呢,鬼鬼
839,mg60211981QyC,鬼鬼呢,鬼鬼
840,Poseur,嗯等了好久,好久
841,Poseur,嗯等了好久,好久
842,mg86594591ZIfb,千呼万唤始出来,出来
843,mg86594591ZIfb,千呼万唤始出来,出来
844,mg86594591ZIfb,千呼万唤始出来,出来
845,陳湘玲,明晚就可以看咯，好期待啊,期待
846,Jarvis_luu,开心开心！想念我的撒老师！表白全员！！！！！,表白
847,QQ_afh4KaWeUIsA,喜欢大勋,喜欢
848,温兵75pwc,期待,期待
849,幽静54JGj,终于来了，等了好久了，???,终于
850,冰12qyMm,小白,小白
851,MG鷗,推理只要三分钟在哪能看啊？,推理
852,MG鷗,推理只要三分钟在哪能看啊？,推理
853,WECHAT_akRgh32NgEl8,好看,好看
854,随便87naRR,星期四,星期四
855,iu我想敬敬,每天看下,每天
856,Hilda希尔达,期待,期待
857,mg56929593mGFS,看了三季了，超级期待的，希望一直下去啊,期待
858,最后一次淋雨21Vpq,好看,好看
859,水动力想拯救世界的小怪兽,没有鬼鬼啊,没有
860,秀秀07iAo,期待邓伦,期待
861,张一天下,很期待下一个的剧,一个
862,佐妮儿,我滴魏晨哪?,我滴
863,木柠茜,怎么倍速播放和看弹幕？,播放
864,瑜佳宝宝,终于等到了。,终于
865,QQ_9Xfgg1WRUBrC,好看,好看
866,谢娜粉,白白,白白
867,mg64116746rxio,为啥还有这个女人,还有
868,守護時光,哇哇哇终于出了！！！激动的已无法形容,激动
869,宅屋一枚,还有大勋花,还有
870,黄半仙96VWL,哇哇哇！第四季终于来啦！期待好久了呢！,好久
871,蝶恋68yAoN,美欧来了,美欧来
872,蝶恋68yAoN,美欧来了,美欧来
873,蜜峰and農糖,终于来了,终于
874,蜜峰and農糖,终于来了,终于
875,回忆16nye,好喜欢,喜欢
876,HCY08042yu84bLl,好看,好看
877,WECHAT_anzq8abifByp,终于等到你（小白）,终于
878,墨愁璃儿,啊啊啊啊，好期待,期待
879,mg24081843VRsm,期待期待,期待
880,邓芳27jjv,哈哈,哈哈
881,朱正廷justin,补习班,补习班
882,朱正廷justin,补习班,补习班
883,伪淑女47Aweh,开心?,开心
884,故人忘,啊啊啊啊啊啊啊啊啊啊啊啊啊啊啊啊啊啊。激动。终于等到了,激动
885,封印55RxaP,23333,23333
886,郭欢欢56eQJ,白敬亭帅,白敬亭帅
887,mg57413297KbN,期待,期待
888,陆长今42GqM,好看,好看
889,一生中最爱15JXA,我白！！期待期待,我白
890,mg65253515eEKm,期待邓伦,期待
891,ikun汐51qgPa,明侦的人也来了,明侦
892,小白62fbLQ,狗头,狗头
893,浊酒74NzNJ,小白,小白
894,木头人_57ilKt,好看,好看
895,律笺文50ILBR,喜欢小白?,喜欢
896,Mona14ylVl,期待,期待
897,So靑萶蒅指流年O,期待,期待
898,小希13Tzs,小白期待你,期待
899,Queen01QIQe,小白,小白
900,Kevin02Nary,马上周五啦，开心,上周五
901,晨17reXl,好看,好看
902,mg66332945rfdO,哈哈,哈哈
903,mg66332945rfdO,哈哈,哈哈
904,mg06746184wnkT,本节目,节目
905,筱兔崽崽,小白小白,小白小白
906,仙女是不需要良心的,坐等更新?,更新
907,仙女是不需要良心的,坐等更新?,更新
908,春初旖旎,期待！！！,期待
909,mr我奢求不起,终于来了,终于
910,酸奶果泡,期待⭐,期待
911,陌末雨,好看,好看
912,whjxk16GtKB,期待,期待
913,嘤花下的誓言,好看,好看
914,謩壼,好看,好看
915,謩壼,好看,好看
916,na0730tGpK,不加糖,加糖
917,J75hVjl,不加糖 BJT,加糖
918,郑开司的小仙女,终于等到了，呜呜呜，感动,等到
919,乐乐logo,急死人了，感觉时间过得太慢了,过得
920,祸害18okY,鬼鬼呢，我想听她的鹅氏笑声,笑声
921,mg86304353ABzw,喜欢,喜欢
922,mg19481309Scd,没有大勋花,没有
923,Angelina_xc,372,372
924,红颜醉倾城53lGo,终于等到你,终于
925,mg15884751Nkdi,期待ing,期待
926,旁人心29zPOx,搞笑,搞笑
927,晴空万里唯爱你,小白,小白
928,青涩忆笙81KyBT,哈哈,哈哈
929,mg52144802itg,今天开心的不得鸟,今天
930,韩白37Cjfg,期待,期待
931,WECHAT_9KN5a8Jrq5j0,终于等来了第四季，好开心,终于
932,艾玛莎莉娜,终于盼到了第三季,终于
933,唐僧系少女0_0,等了好久啊,好久
934,_墨竹泣血,好看,好看
935,无味少女64LogH,白敬亭真帅,真帅
936,恋依96RXS,期待啊啊啊啊啊,期待
937,阳光夏95866,终于更了,终于
938,seeyouagain42XYb,好看,好看
939,零丁洋里叹零丁18ZsWr,明星大侦探,明星
940,装逼46Leri,哥哥斯拉,哥斯拉
941,JG_yu,周五就要到啦,就要
942,梦已破碎zh,好看,好看
943,瘾君子05DBZZ,喜欢,喜欢
944,瘾君子05DBZZ,喜欢,喜欢
945,mg67227456tFb,白白,白白
946,最精彩刺激又美腻的时光,期待你好久！！！！大爱,期待
947,心情旅行80wrg,期待,期待
948,沁兰花香,鬼鬼去参加   推理只要三分钟  了,推理
949,俪炫倾叶,好看,好看
950,空逸轩,小白,小白
951,超甜的喵27FAcm,哈哈?,哈哈
952,明侦K,何撒白鸥刘张，期待无名艺术馆,艺术馆
953,明侦K,何撒白鸥刘张，期待无名艺术馆,艺术馆
954,愤怒的小钢炮儿,等了半个世纪,半个世纪
955,愤怒的小钢炮儿,坐等,坐等
956,BCYCDEXKA,期待,期待
957,烂人97hsOf,期待小白,期待
958,小杜7056,明天就可以看了，开心,明天
959,萝莉菲584521,期待,期待
960,mg70687518hpMV,终于要开始了,开始
961,亻籭蒦,个考虑,考虑
962,mg66399440xirK,hk,hk
963,Smilewithlemon,小白,小白
964,素年锦时24AdZH,中学上学的学生放假一回来就来看明星大侦探。,上学
965,永远_Forever诗狱凝,明天明天,明天
966,mg98789460PUQP,期待,期待
967,李儒博,我要看,我要
968,mg27600646rFkw,好看呀,好看
969,mg57506683IKLR,小白,小白
970,霖李,期待,期待
971,铮铮38qNo,快更新,更新
972,我与世界只差一个你76mzcp,喜欢你,喜欢
973,我与世界只差一个你76mzcp,喜欢你,喜欢
974,我与世界只差一个你76mzcp,喜欢你,喜欢
975,我与世界只差一个你76mzcp,喜欢你,喜欢
976,情话比人美love,嘿嘿,嘿嘿
977,洋子91oyi,鬼鬼,鬼鬼
978,是阿文呀,喜欢,喜欢
979,神仙龙k,白敬亭！！,白敬亭
980,生如夏花29SOkP,好看,好看
981,生如夏花29SOkP,好看,好看
982,十年前的啊飘,积分,积分
983,依然悠然45Nir,果然还是明侦最好看了,果然
984,撑伞走路的鱼,期待下期,期待
985,mg36906454zBKF,喜欢你们,你们
986,张氧氧1994,嘻嘻?,嘻嘻
987,张氧氧1994,嘻嘻?,嘻嘻
988,justin1010,期待,期待
989,满天星34NBw,只想啊啊啊啊,只想
990,贝甜甜,鬼鬼不来了吗？,不来
991,贝甜甜,鬼鬼不来了吗？,不来
992,今天的我又不想上班,完美完美，期待期待,期待
993,用户ib4ojjmn63,陈飞宇,飞宇
994,用户ib4ojjmn63,陈飞宇,飞宇
995,佩琳88,终于开始了！,开始
996,家有儿女81GpGX,喜欢鬼鬼,喜欢
997,仙猪啊7,呵呵呵呵呵呵,呵呵
998,L03beJw,喜欢凉生姜生在一起,一起
999,shmily223,终于更新了,终于
1000,这颗心从不畏惧89bIz,终于等到4了,终于
1001,Allure64XfKz,没来的人为什么要一直刷，挺烦的,为什么
1002,mg66171830wfwr,好喜欢,喜欢
1003,向来缘浅奈何情深74wAB,白白,白白
1004,李老师17sSnx,哈哈，第四年继续追你，我的另一个世界杯！爱你们，何老师，撒老师，白白，欧姐，鬼鬼，等等，哈哈！,鬼鬼
1005,A小敏感73kyj,期待期待,期待
1006,我16yHAC,哈哈,哈哈
1007,长歌长乐,帅帅帅帅帅,帅帅帅
1008,左小蝎,美男陪我,美男
1009,彼岸花閞泪灑傾峸96Bis,期待,期待
1010,WECHAT_9VKD035d5Jlc,期待,期待
1011,ying89KlQZ,更新,更新
1012,珍惜28uxt,很不错的。,不错
1013,许囡59CpC,好看,好看
1014,及26nhEY,在线等，更新,更新
1015,强锐hellen,发射,发射
1016,toms42lUcL,好看啊,好看
1017,晨曦12yRh,撒老师,老师
1018,樱花雪染,期待双北山花期待所有人,所有人
1019,花儿对我笑58xUx,期待,期待
1020,DLDLILOVEYOU33rlzB,刘昊然支持你,支持
1021,淺S时光81fdmv,每季都追,每季
1022,暖杯巧克力007,期待,期待
1023,QQ_agRlwaKzQA4t,好伤心，之前和好朋友讨论下半年会新一季明侦，现在不在一个学校了，明侦开始播了，满满的回忆,满满的
1024,QQ_agRlwaKzQA4t,好伤心，之前和好朋友讨论下半年会新一季明侦，现在不在一个学校了，明侦开始播了，满满的回忆,满满的
1025,北城相拥15dfA,小白白,白白
1026,我行我素40lQjd,,支持,支持
1027,三分淑女范七分女子汉42Qie,我还以为我是大侦探以后取代了明星大侦探了呢，结果让我很开心???阿,明星
1028,mg96872492hyfA,哗啦哗啦,哗啦哗啦
1029,mg16893471KWVm,bingo,bingo
1030,今天的我又不想上班,最完美综艺，超爱小白，每一个人都是独一无二,独一无二
1031,mg51446293AeSi,小白加油,小白
1032,隔壁的喵先生64KMKo,发货的哈,发货
1033,WECHAT_alP4FbmHctNl,期待下季,期待
1034,WECHAT_alP4FbmHctNl,期待下季,期待
1035,叶子11RwBZ,大家喜欢她要你管""}],""label"":[],""video"":{},""title"":"",title
1036,霞60098,这叫明星大侦探，不叫鬼鬼大侦探，又不是玩的特别好，粉丝还在刷，烦人。,烦人
1037,源蕊源,好看,好看
1038,柠檬草的味道44wzs,期待,期待
1039,一颗橘,啊啊啊,啊啊啊
1040,软软的鱼IRis,真的太期待了,真的
1041,茉沫45eS,终于等到了(*^▽^)/★*☆,终于
1042,小湯圓台北直购,期待鄧倫那一期,期待
1043,mg80920669vSXi,喜欢明星大侦探,喜欢
1044,走65Ygz,小白,小白
1045,沐川箩音,好看,好看
1046,沐川箩音,好看,好看
1047,默默666666yes,好看,好看
1048,后来的我们12sIm,超级期待，等你等了这么久,期待
1049,mg37412380mlEl,哈哈,哈哈
1050,微笑97049,哈哈哈哈哈哈,哈哈哈
1051,微笑97049,哈哈哈哈哈哈,哈哈哈
1052,无语2lh,好看,好看
1053,立勇57MnVg,终于等到你,终于
1054,应怜的小迷妹__,爱白白,白白
1055,QQ_a9RbW8vWCsDi,哈哈哈哈,哈哈哈哈
1056,我是防弹之粉,开心?,开心
1057,mg14745614,总算更新了，终于等到你  小白,更新
1058,孤独者Alone,哈哈。,哈哈
1059,婷源深深深几许,我的白敬亭哥哥,哥哥
1060,婷源深深深几许,我白,我白
1061,婷源深深深几许,明儿见，我的白敬亭哥哥！！！,哥哥
1062,故事与你12HUm,哈哈哈还好还好,哈哈哈
1063,故事与你12HUm,还好,还好
1064,梅子26zqo,超喜欢,喜欢
1065,薰衣草淡紫色的忧伤99zHH,哈哈哈,哈哈哈
1066,mg34439951SXFk,好期待啊,期待
1067,Arrogant75SXJi,喜欢,喜欢
1068,Arrogant75SXJi,喜欢,喜欢
1069,方丹凤84xZZ,喜欢,喜欢
1070,北葵向暖14wWy,周五见,周五
1071,北葵向暖14wWy,周五见,周五
1072,Mr屈39CUCO,不错,不错
1073,西瓜味的小公主,还是之前的阵容，还是你们，真好！,之前
1074,冷小俊i,后悔不及,后悔不及
1075,小胖子86lnLh,不喜欢王欧,喜欢
1076,阿美13583533685,嘿嘿嘿,嘿嘿嘿
1077,柠檬87QDD,不是原来的味道了,不是
1078,周彤玥,回来了,回来
1079,阿乐真滴强,不错,不错
1080,眼泪52cTJ,开心,开心
1081,谁倾我心71JchF,小白  又帅了??,小白
1082,骨瓷马克杯,真的很期待了,真的
1083,鱼88cFnH,期待第四季,期待
1084,20180201,期待第一期,期待
1085,mg72615422pHkH,终于等到你，还好我没放弃,放弃
1086,TeamDowney,积分啦明天就能看了,明天
1087,小梁子09YdUt,漂亮,漂亮
1088,鑫鑫向荣60iFw,白敬亭！白敬亭！不加糖就很甜,加糖
1089,白饭啊啊,哈哈哈哈哈哈,哈哈哈
1090,懵逼84qyd,太期待了吧,期待
1091,枵瘾巛,期待,期待
1092,奇怪的生物48Bhw,小白小白,小白小白
1093,岛屿41UoG,白敬亭,白敬亭
1094,岛屿41UoG,白敬亭,白敬亭
1095,特別愛他,Tfboys来来来,来来来
1096,JIESISI,可以,可以
1097,傻子26IaM,终于等到你,终于
1098,GHOUL36xtSw,期待,期待
1099,GHOUL36xtSw,期待,期待
1100,mg75273904OqrA,哈哈???,哈哈
1101,mg79987698YBje,小白小白最聪明,聪明
1102,改网名ing,千纸鹤报道,报道
1103,改网名ing,千纸鹤报道,报道
1104,冷忆Conquer02pcy,新的一期快出来呀，期待期待,出来
1105,振南99nffL,飘过,飘过
1106,mg88157854cfV,赞赞赞,赞赞赞
1107,上官莫莫,好看的，真希望之后还有鬼鬼,希望
1108,甜啾果酱i,快点更新！！期待,更新
1109,勿忘我O_o05Qjy,开心,开心
1110,pgl04cGFG,哈哈哈哈哈哈哈白百合,百合
1111,续写着悲伤丶,期待,期待
1112,九命82dVU,周五，等明天,明天
1113,尘93jaQ,哈哈哈哈哈哈哈,哈哈哈哈
1114,布粉的栗子,终于播了。 等了这么久。 哈哈哈,终于
1115,mg68008100TKSF,期待,期待
1116,mg68008100TKSF,期待,期待
1117,俊英31hYQ,期待很久的综艺,期待
1118,mg52743955aOjy,真的超级好看，感觉很有意思,超级
1119,mg06134065LqBB,666,666
1120,岩姐姐是小仙女,终于出来了,出来
1121,岩姐姐是小仙女,终于出来了,出来
1122,爱的温暖22qsA,太好了,太好了
1123,mg23882041uVnl,小白,小白
1124,柚子味31324,撒撒,撒撒
1125,Meny陌,刘昊然,刘昊然
1126,Meny陌,刘昊然,刘昊然
1127,mg09321760rhqA,期待,期待
1128,mg09321760rhqA,期待,期待
1129,萌妹纸76tUFS,66,66
1130,如此有缘99CDx,期待,期待
1131,mg49930960ASpx,这个可以有,可以
1132,沐冰儿,哈哈,哈哈
1133,Emotion94772,回来了,回来
1134,mg98327352LPtX,噜啦啦噜啦啦健健康康可口可乐了看看,看看
1135,Nothing41TjU,终于等来了,终于
1136,花生41pqa,哈哈,哈哈
1137,罗薇76plX,终于来了,终于
1138,那些我还相信的_yq,哈哈哈哈哈哈,哈哈哈
1139,那些我还相信的_yq,哈哈哈,哈哈哈
1140,mg93175664irrz,期待小白,期待
1141,QQ_9Og5F85HcSBJ,终于又可以看了，觉得特别好看，很刺激,终于
1142,楠楠44yXYf,好看,好看
1143,karry王小螃蟹90fiok,期待已久，终于来了,终于
1144,mg15822090JZo,支持一下,一下
1145,mg03367585YMYh,邓伦,邓伦
1146,wrqtcmsn,太逗了吧,太逗
1147,简玖,好看,好看
1148,暖央倾城,可好了,可好
1149,暖央倾城,可好了,可好
1150,馨馨馨lll,刘昊然！！,刘昊然
1151,漫漫蔓蔓楠楠,王鸥,王鸥
1152,錵開落68wvl,呵呵,呵呵
1153,Mrs潴03eID,何老师,老师
1154,流年似水30VCS,五lol,lol
1155,虞七月,撒撒,撒撒
1156,用户5798352703,好看,好看
1157,汪悦85NfZ,鬼鬼呢,鬼鬼
1158,不打乐乐,终于等到了，明星大侦探，可惜没鬼鬼,可惜
1159,mg68000005nnPB,何炅,何炅
1160,符咒x,健健康康健健康康,健健康康
1161,夜空中闪亮的星74670,好喜欢白敬亭,喜欢
1162,w借口2,好看,好看
1163,花开盛夏22cAm,明侦,明侦
1164,团家的啵啵,期待,期待
1165,团家的啵啵,期待,期待
1166,mg54882547ZEL,为什么还是先导片,还是
1167,平平凡凡就好24Iqh,好看,好看
1168,妈妈咪呀88SJt,我觉得可以请唐禹哲来,觉得
1169,喜欢柠檬02tWW,哈哈,哈哈
1170,ai羊杨,嘿：领积分的,积分
1171,mg29922308Aihl,好看,好看
1172,怪我咯16fJW,何炅,何炅
1173,怪我咯16fJW,何炅,何炅
1174,怪我咯16fJW,何炅,何炅
1175,怪我咯16fJW,何炅,何炅
1176,爱你瘦萌,哈哈哈,哈哈哈
1177,mg66240818SnPi,开心,开心
1178,mg10783717SvjU,小白白,白白
1179,花开花落缱绻无梦,终于等到你,终于
1180,家有宝贝HH,期待伦哥上线,期待
1181,yogurt00na,好看,好看
1182,yogurt00na,好看,好看
1183,女人28ItR,是哈哈哈哈哈哈哈哈哈哈,哈哈哈哈
1184,女人28ItR,是哈哈哈哈哈哈哈哈哈哈,哈哈哈哈
1185,星24qMnP,好好好好好好,好好
1186,mg84427730iFHR,哇   好帅啊,好帅
1187,mg10783717SvjU,白白,白白
1188,独醉60Lch,好好,好好
1189,女人28ItR,哈哈哈哈哈哈哈哈哈哈哈哈哈哈嘛,哈哈哈哈
1190,女人28ItR,哈哈哈哈哈哈哈哈哈哈哈哈哈哈嘛,哈哈哈哈
1191,女人28ItR,哈哈哈哈哈哈哈哈哈哈哈哈哈哈嘛,哈哈哈哈
1192,怎敢扰哎,期待,期待
1193,a伪笑,期待,期待
1194,depression沐子,终于放假了，终于等来了第四季，我爱大侦探！！！！,侦探
1195,mg24189708bQQy,期待,期待
1196,曦36uWC,哇还是,还是
1197,mg18650118TYss,希望邓伦能来,希望
1198,zy38223,明星大侦探又要开播好期待呀,明星
1199,不可以笑,好看,好看
1200,童话天堂,小白,小白
1201,棣棣老师,hh,hh
1202,mg17376712KoFA,来看看,看看
1203,杨语湾,好期待啊,期待
1204,False00dnmJ,还不更新,更新
1205,mg71837243mmWk,终于等来了,终于
1206,mg66483839OxGs,不错呢,不错
1207,徊首瞬間,好看(｡･ω･｡),好看
1208,mg22235994ydBC,潮气,潮气
1209,mg22235994ydBC,潮气,潮气
1210,Sunny1226,更新啦,更新
1211,胖胖的手,何侦探,侦探
1212,莺歌燕舞85TMwp,好看,好看
1213,小19jKsT,111,111
1214,mg44173858zLjg,怎么还不更新呀，几个礼拜了感觉,感觉
1215,mg31091933mes,66,66
1216,mg31091933mes,66,66
1217,爱杰旳纳米小星,这个好好看啊,这个
1218,不再湘逢,小白好帅,小白
1219,风的影子666,好看,好看
1220,强制乖巧35PPae,何炅,何炅
1221,梦千年之恋53JPIO,好看,好看
1222,卤肉酱lobak,好看(｡･ω･｡)ﾉ♡,好看
1223,卤肉酱lobak,好看(｡･ω･｡)ﾉ♡,好看
1224,BACON62qYd,期待期待,期待
1225,mg99755998CFT,我来了,我来
1226,mg99755998CFT,哈哈哈哈哈哈,哈哈哈
1227,爱咋咋地97Ktto,换个,换个
1228,mg57193140kWuN,等不及啦,等不及
1229,IVIXVIII,更新更新,更新
1230,逢山鬼语,66666,66666
1231,nuf859,好看,好看
1232,nuf859,好看,好看
1233,一點_,从第一季就开始追明侦  好评大家是看得见的  每个人都很努力  也给我们带来很多欢乐,看得见
1234,伊19NLy,终于更新了,终于
1235,暖暖98Jquq,小白,小白
1236,wxs777,66,66
1237,哟呵70vWj,好期待明天的播出,明天
1238,姜你爸爸,喜欢,喜欢
1239,无限在石教26RBsI,期待！,期待
1240,as75ulb,111,111
1241,爱你的末末,吖哈哈哈哈哈哈,哈哈哈
1242,爱你的末末,吖哈哈哈哈哈哈,哈哈哈
1243,mg18020752KbDM,刘昊然，终于成为常驻嘉宾了，好开心,常驻
1244,颩哘迗丅97ThvV,好看吗,好看
1245,p华华,期待,期待
1246,小妍纸__,期待,期待
1247,快乐天使76TrOA,好看,好看
1248,杀死喜欢228,喜欢小白,喜欢
1249,QQ_aqBLh70uhmwn,哈哈,哈哈
1250,mg75754993RTOA,期待,期待
1251,mg75754993RTOA,期待,期待
1252,烊jacksonyee,哈哈哈，,哈哈哈
1253,mg18760268tad,喜欢???,喜欢
1254,mg95029273DGJq,可以,可以
1255,88zrK,期待明天第一集,明天
1256,Dream46Nvaa,好看,好看
1257,nevergiveup95RXq,好看,好看
1258,你的妙,超期待,期待
1259,邂逅余生请见惜,小白,小白
1260,洋洋31191,好看,好看
1261,mg67286752YgC,期待白白,期待
1262,care轻描淡写47WjEe,露露,露露
1263,马辉80QWmi,回忆,回忆
1264,琳琳GMTA,欢迎回来！

太喜欢这个节目了,喜欢
1265,mg92650452HeZ,上线了？怎么没人告诉我啊？！没有人通知！??????今天才看到,告诉
1266,我缺什么i,好看,好看
1267,晼晚na07,白白,白白
1268,霞86mTi,期待正片,期待
1269,啾咪62BrjN,好看的,好看
1270,LHD1998,快更新啊,更新
1271,turboHH,好看,好看
1272,海上的风浪30YoaQ,好看,好看
1273,凌修爵,很好看,好看
1274,凌修爵,很好看,好看
1275,mg39909785PzEJ,期待,期待
1276,H喵喵37jCs,终于播出了，期待好久啦,期待
1277,mickey马紫薇,哈哈,哈哈
1278,秋水57AyNP,演技在线,在线
1279,秋水57AyNP,演技在线,在线
1280,迷雾森林我胆小,表白白敬亭，何炅，撒贝宁，刘昊然，张若昀，王欧,王欧
1281,梁毅07jAY,期待,期待
1282,mg29906112wxVM,观看了一下。。。。。。。,一下
1283,輕緢淡写65HRt,喜欢,喜欢
1284,輕緢淡写65HRt,喜欢,喜欢
1285,墙微O,好好,好好
1286,精分的怪阿姨,山花在哪里,哪里
1287,Halo灬歪先生,好看,好看
1288,mg44347183SdTx,好看不？,好看
1289,mg69330964ZLU,可以,可以
1290,上善若水03NNgj,哈哈哈,哈哈哈
1291,瘾98TycC,好看,好看
1292,mg84603462kdaX,白敬亭,白敬亭
1293,mg15621994MasI,空空,空空
1294,浅清27aYW,鬼鬼嘞？,鬼鬼
1295,mg78295700gaNU,终于开播了，希望和以前一样好看。,终于
1296,荼靡花的诅咒,好看,好看
1297,青颜煜,明星大侦探，终于等到你~,等到
1298,smile48Vkc,好看,好看
1299,洛兮敬,小白加油,小白
1300,mg14280801RzGd,哈哈,哈哈
1301,mg82537975YdQu,还好,还好
1302,mg82537975YdQu,还好,还好
1303,BLANC首席行政官,没有鬼鬼呜呜,没有
1304,BLANC首席行政官,没有鬼鬼呜呜,没有
1305,mg26500640MFXd,白白,白白
1306,mg29206945ddeY,呵呵,呵呵
1307,左散光右聚焦,1212,1212
1308,魏晨彤ttt,问问,问问
1309,mg75171184SyAI,又有新的一季出了，太好了,太好了
1310,一个情深意重的折磨,帅帅帅,帅帅帅
1311,smile06uGf,空么我需要我,需要
1312,我超萌呦,期待期待(๑˙ー˙๑),期待
1313,緣份d弄空,小白,小白
1314,smile06uGf,合租,合租
1315,ghjjskjhssji,jkkk,jkkk
1316,好想成全你,大侦探,侦探
1317,傲翔天地,5555,5555
1318,mg45362096MgJt,666,666
1319,空99kTcQ,好看✌,好看
1320,空99kTcQ,好看✌,好看
1321,Gwiyomi19001,期待鬼鬼,期待
1322,Gwiyomi19001,期待鬼鬼,期待
1323,时光似水75eVIt,可以,可以
1324,mg41422536qNiA,沏茶,沏茶
1325,佛说你佳很帅,本来有点期待吴映洁了,本来
1326,心92357,阿珂,阿珂
1327,mg17757602uQY,何老师,老师
1328,呲牙小灰兔11dFju,积分,积分
1329,呲牙小灰兔11dFju,积分,积分
1330,狐狸精83HnZ,熟悉的味道熟悉的配方,味道
1331,狐狸精83HnZ,熟悉的味道熟悉的配方,味道
1332,狐狸精83HnZ,熟悉的味道熟悉的配方,味道
1333,放飞的心14TuyQ,好看,好看
1334,甜颖95hvv,好看,好看
1335,桅樱花,没想到体贴的人还是这么喜欢你们,喜欢
1336,舟临,终于更新了,终于
1337,舟临,终于更新了,终于
1338,是啊芷啊,期待,期待
1339,mg03226070xptD,大勋,大勋
1340,mg03226070xptD,大勋,大勋
1341,KIYOMI23BkDB,期待,期待
1342,mg10778023NBTx,小白小白,小白小白
1343,白到反光,哈哈哈哈哈哈,哈哈哈
1344,SY,期待,期待
1345,mg89845356CPqJ,白敬亭,白敬亭
1346,曾经最美20jPd,好看,好看
1347,mg51658181uImD,期待,期待
1348,mg51658181uImD,期待,期待
1349,mg29209580bsa,哈哈,哈哈
1350,静静的仰望星空72mOZ,你哪位,哪位
1351,贻辰,好看,好看
1352,遊樂兒05gAx,哈哈哈哈,哈哈哈哈
1353,Plover珩,期待期待！！！！,期待
1354,是飞鱼呀,超期待,期待
1355,微笑87VtH,咳咳,咳咳
1356,mg69572450SdX,666666,666666
1357,mg69572450SdX,666666,666666
1358,何谐音,期待已久的明星大侦探又回来了！不知道又有哪些故事呢？,哪些
1359,墨言90WSyH,终于等到了,终于
1360,芜53vMp,明天,明天
1361,Nihaooo_,期待,期待
1362,甜甜66mKWE,很喜欢,喜欢
1363,MGTVNZND,白鬼王大乔魏何撒,鬼王
1364,Cjq幸运星,看看,看看
1365,维娜皮卡卡,哦哦哦,哦哦哦
1366,Wonderisme,好看，昊然，敬亭,好看
1367,Wonderisme,好看，昊然，敬亭,好看
1368,静13aisF,明星大侦探,明星
1369,练习生小墨,领积分,积分
1370,咸鱼有点不想翻身,终于等到你,终于
1371,v083Psvd,喜欢喜欢,喜欢
1372,月成曦,所有综艺节目都会避免提及以前的嘉宾的，未免新来的嘉宾尴尬，除非可以完全确认这个嘉宾一定回来。,新来
1373,mg86653604BAin,喜欢,喜欢
1374,mg86653604BAin,喜欢,喜欢
1375,mg86653604BAin,喜欢,喜欢
1376,閃亮滴柒43ztBU,哈哈,哈哈
1377,Touchmyheart76vgo,终于更新了，期待,终于
1378,回忆往事99udz,好看,好看
1379,回忆往事99udz,好看,好看
1380,QQ_apkX2mdmHFA6,许昌,许昌
1381,宠爱94sTK,小白,小白
1382,lady06GhCd,何老师,老师
1383,QQ_acaSn7XIFqaR,hh,hh
1384,QQ_acaSn7XIFqaR,hh,hh
1385,点滴22bLD,我a la,la
1386,暖阳熊的三明治,好看,好看
1387,杏子05ANy,怎么没有鬼鬼啦???,没有
1388,依琳妈咪49ZEY,好喜欢，好喜欢，好喜欢，好喜欢，好喜欢，好喜欢，好喜欢，好喜欢，好喜欢，好喜欢，好喜欢，,喜欢
1389,余悸95nxv,开心，终于更新了,终于
1390,灵46cUY,旺旺,旺旺
1391,mg62327745dnAU,好看,好看
1392,困困j,很好，都是回忆,回忆
1393,梦想决定未来85KdDO,帅气呀,帅气
1394,mg53517517koJO,好看,好看
1395,秀林15UGaV,好看,好看
1396,M丹妮Ring,等你我等了那么久
想你想你想你
终于等来了,那么
1397,爱喝咖啡的喵95yKDv,好看,好看
1398,白云57487,好看,好看
1399,520Allen,期待……,期待
1400,懂得珍惜才配拥有49nfV,.好看好看,好看
1401,Killy008,厉害了我的哥们?,厉害
1402,旧巷浪女猫尾巷人,吧嗯""}],""label"":[],""video"":{},""title"":"",title
1403,欧买噶豪耶,喜欢,喜欢
1404,黑夜中的灯光03Ehf,太有意思了！,有意思
1405,晴天10OXFH,期待期待,期待
1406,晴天10OXFH,期待期待,期待
1407,晴天10OXFH,期待期待,期待
1408,晴天10OXFH,期待期待,期待
1409,mg79506675fnfF,终于等到你,终于
1410,mg79506675fnfF,终于等到你,终于
1411,漫步烟云,何炅,何炅
1412,瓞子,明天就有了期待,明天
1413,呜啦啦嘞,yeah,yeah
1414,呜啦啦嘞,yeah,yeah
1415,呜啦啦嘞,yeah,yeah
1416,呜啦啦嘞,yeah,yeah
1417,酒友65Wlr,嘎哈哈哈哈哈哈哈哈,哈哈哈哈
1418,HANDSOME68ESE,前三季我已经9刷了,已经
1419,忘不了42Wgs,真心不改,真心
1420,mg87086032XsRK,11,11
